ID	FeedbackID	Comment	UserID	Testdate
1	1	Instrument (bmi) has been added to the battery. You may now complete data entry for this instrument. Please respond to this feedback to acknowledge the changes.		2016-06-18 00:39:02
2	2	Feedback	admin	2016-07-14 18:34:42
4	4	Score doesn't match	admin	2016-07-14 18:37:33
5	5	Some feedback	admin	2016-07-14 18:38:29
6	5	Comment	admin	2016-07-14 18:38:35
7	6	Feedback	admin	2016-07-14 18:39:27
8	7	Feedback description	admin	2016-04-25 08:00:00
9	8	Feedback description	admin	2016-05-27 08:00:00
10	9	Feedback description	admin	2016-02-25 10:00:00
12	11	Feedback description	admin	2016-06-06 08:00:00
16	15	Feedback description	admin	2016-02-16 10:00:00
20	19	Feedback description	admin	2016-02-02 10:00:00
24	23	Feedback description	admin	2015-12-20 10:00:00
27	26	Feedback description	admin	2016-05-14 08:00:00
34	33	Feedback description	admin	2016-05-09 08:00:00
38	37	Feedback description	admin	2016-04-10 08:00:00
40	39	Feedback description	admin	2016-03-26 08:00:00
41	40	Feedback description	admin	2016-02-27 10:00:00
42	41	Feedback description	admin	2016-06-15 08:00:00
45	44	Feedback description	admin	2016-01-27 10:00:00
47	46	Feedback description	admin	2016-03-28 08:00:00
50	49	Feedback description	admin	2016-01-09 10:00:00
52	51	Feedback description	admin	2016-03-08 10:00:00
54	53	Feedback description	admin	2016-05-03 08:00:00
57	56	Feedback description	admin	2016-01-23 10:00:00
58	57	Feedback description	admin	2016-04-22 08:00:00
59	58	Feedback description	admin	2015-12-17 10:00:00
61	60	Feedback description	admin	2015-12-27 10:00:00
64	63	Feedback description	admin	2016-04-14 08:00:00
67	66	Feedback description	admin	2016-12-25 10:00:00
69	68	Feedback description	admin	2016-12-24 10:00:00
70	69	Feedback description	admin	2016-05-17 08:00:00
75	74	Feedback description	admin	2016-03-02 10:00:00
76	75	Feedback description	admin	2016-03-13 09:00:00
78	77	Feedback description	admin	2016-04-27 08:00:00
79	78	Feedback description	admin	2016-03-16 08:00:00
81	80	Feedback description	admin	2015-12-22 10:00:00
83	82	Feedback description	admin	2016-02-04 10:00:00
87	86	Feedback description	admin	2016-03-06 10:00:00
89	88	Feedback description	admin	2016-05-16 08:00:00
91	90	Feedback description	admin	2016-06-14 08:00:00
94	93	Feedback description	admin	2016-05-29 08:00:00
97	96	Feedback description	admin	2016-03-31 08:00:00
99	98	Feedback description	admin	2016-05-26 08:00:00
100	99	Feedback description	admin	2016-04-08 08:00:00
103	102	Feedback description	admin	2016-03-08 10:00:00
108	134	Unsure	admin	2016-07-14 22:57:03
109	135	Unsure of correct Date of Admin	admin	2016-08-16 22:04:47
110	136	Missing examiner Carolina Smith	admin	2016-08-16 22:08:28
111	137	What is the original MRI aq date?	admin	2016-08-16 22:10:25
112	138	Check weight on paper form	admin	2016-08-16 22:12:30
